{
  "user-data": [
    {
      "id": "1",
      "name": "SAI DEEPAK",
      "email": "msdreddy@gmail.com",
      "degree": "B.Tech",
      "stream": "EEE",
      "percentage": "73%",
      "contact": 8985821181
    },
    {
      "id": "2",
      "name": "RAKESH",
      "email": "R@gmail.com",
      "degree": "B.Tech",
      "stream": "EEE",
      "percentage": "68%",
      "contact": 9392858261
    },
    {
      "id": "8d2d",
      "name": "SACHIN",
      "email": "fencing@gmail.com",
      "contact": "7894561230",
      "degree": "B.Tech",
      "stream": "ECE",
      "percentage": "72%"
    }
  ]
}